Иван,M,Иванович,Ивановна
Александр,M,Александрович,Александровна
Михаил,M,Михайлович,Михайловна
Дмитрий,M,Дмитриевич,Дмитриевна
Артем,M,Артемович,Артемовна
Максим,M,Максимович,Максимовна
Сергей,M,Сергеевич,Сергеевна
Андрей,M,Андреевич,Андреевна
Алексей,M,Алексеевич,Алексеевна
Владимир,M,Владимирович,Владимировна
Николай,M,Николаевич,Николаевна
Павел,M,Павлович,Павловна
Константин,M,Константинович,Константиновна
Илья,M,Ильич,Ильинична
Григорий,M,Григорьевич,Григорьевна
Евгений,M,Евгеньевич,Евгеньевна
Анна,F
Екатерина,F
Ольга,F
Татьяна,F
Наталья,F
Елена,F
Ирина,F
Мария,F
Светлана,F
Алёна,F
Ангелина,F
Виктория,F
Валерия,F
Анастасия,F
Дарья,F